{
	"surface":{
		"km²":0.000001,
		"ha":0.0001,
		"m²": 1,
		"dm²":100,
		"cm²":10000,
		"mm²":1000000,
		"μm²":1000000000000,
		"ak":0.000247105407,
		"mile²":0.000000386102159,
		"yd²":1.19599005,
		"ft²":10.7639104,
		"in²":1550.0031,
		"rd²":0.039536861
	},
	"data_binary":{
		"b":1073741824,
		"kb":1048576,
		"mb":1024,
		"gb":1,
		"tb":0.0009765625,
		"pb":0.00000095367432
	},
	"data_decimal":{
		"b":1000000000,
		"kb":1000000,
		"mb":1000,
		"gb":1,
		"tb":0.001,
		"pb":0.000001
	},
	"length":{
		"km":0.001,
		"m":1,
		"dm":10,
		"cm":100,
		"mm":1000,
		"μm":1000000,
		"nm":1000000000,
		"pm":1000000000000,
		"nmi":0.0005399568,
		"mi":0.0006213712,
		"fur":0.0049709695,
		"ftm":0.5468066492,
		"yd":1.0936132983,
		"ft":3.280839895,
		"in":39.3700787402,
		"pc":0.0000000000000003240779289,
		"ld":0.0000000260145005,
		"au":0.000000000066845871226706,
		"ly":0.0000000000000010570008340247
	},
	"weight":{
		"t":0.001,
		"kg":1,
		"g":1000,
		"mg":1000000,
		"μg":1000000000,
		"q":0.01,
		"lb":2.20462262,
		"oz":35.2739619,
		"ct":5000,
		"gr":15432.3584,
		"st":0.157473044,
		"dr":564.383391,
		"dan":0.02
	},
	"speed":{
		"km/s":0.001,
		"c":0.0000000333564095,
		"ma":0.0029385836,
		"m/s":1,
		"km/h":3.6,
		"kn":1.94384449,
		"mph":2.23693629,
		"ips":39.3700787,
		"fps":3.2808399
	},
	"time":{
		"h":1,
		"y":0.00011415525114155,
		"wk":0.005952380952381,
		"min":60,
		"sec":3600,
		"ms":3600000,
		"μs":3600000000,
		"ns":3600000000000
	},
	"volume":{
		"m³":1,
		"dm³":1000,
		"cm³":1000000,
		"mm³":1000000000,
		"hl":10,
		"l":1000,
		"dl":10000,
		"cl":100000,
		"ml":1000000,
		"ft³":35.3146667,
		"in³":61023.7441,
		"yd³":1.30795062
	}
}